ID,Study_ID,Author,Year,category,species,Species,gene,method,promoter,parameter,generation,age,treat_n,treat_mean,treat_sd,control_n,control_mean,control_sd
1,1,Vize et al.,1988,pig,Large white,Sus domesticus,pGH,transgenesis,HMT,weight_gain,P1,50,6,817,234,6,781,44
2,1,Vize et al.,1988,pig,Large white,Sus domesticus,pGH,transgenesis,HMT,plasma_GH,P1,0,6,7.07,10.38,6,6.4,5.2
3,1,Vize et al.,1988,pig,Large white,Sus domesticus,pGH,transgenesis,HMT,plasma_GH,P1,50,5,14.3,8.12,6,11.3,2.7
5,2,Zhang et al.,1990,fish,Common carp,Cyprinus carpio,rtGH,transgenesis,RSV,body_weight,P1,90,7,143.4,31,64,116.1,40
6,2,Zhang et al.,1990,fish,Common carp,Cyprinus carpio,rtGH,transgenesis,RSV,body_weight,F1,90,28,120.6,17.4,38,99.3,14.7
7,2,Zhang et al.,1990,fish,Common carp,Cyprinus carpio,rtGH,transgenesis,RSV,body_weight,F1,90,11,206,45.2,15,147,48
8,3,Du et al.,1992,fish,Atlantic salmon,Salmo salar,csGH,transgenesis,opAFP,plasma_GH,P1,720,5,39.9,14.8,5,20.5,7.97
9,3,Du et al.,1992,fish,Atlantic salmon,Salmo salar,csGH,transgenesis,opAFP,body_weight,P1,330,6,20.9,5.13,43,7.4,0.26
10,3,Du et al.,1992,fish,Atlantic salmon,Salmo salar,csGH,transgenesis,opAFP,body_weight,P1,720,6,47.3,9.5,43,9.48,0.6
11,3,Du et al.,1992,fish,Atlantic salmon,Salmo salar,csGH,transgenesis,opAFP,SGR,P1,720,6,0.836,0.186,43,0.213,0.023
12,3,Du et al.,1992,fish,Atlantic salmon,Salmo salar,csGH,transgenesis,opAFP,condition_factor,P1,330,6,8.99,0.27,43,10,0.01
13,3,Du et al.,1992,fish,Atlantic salmon,Salmo salar,csGH,transgenesis,opAFP,condition_factor,P1,720,6,9.07,0.48,43,10.5,0.1
14,4,Gross et al.,1992,fish,Northern pike,Esox lucius,csGH,transgenesis,RSV,body_weight,P1,180,9,63.897,0,34,65.515,3.235
15,4,Gross et al.,1992,fish,Northern pike,Esox lucius,csGH,transgenesis,RSV,body_weight,P1,180,9,77.647,4.044,34,69.559,3.235
16,4,Gross et al.,1992,fish,Northern pike,Esox lucius,csGH,transgenesis,RSV,body_weight,P1,260,9,99.485,2.426,34,102.721,4.853
17,4,Gross et al.,1992,fish,Northern pike,Esox lucius,csGH,transgenesis,RSV,body_weight,P1,260,9,130.221,11.324,34,108.382,6.471
18,4,Gross et al.,1992,fish,Northern pike,Esox lucius,csGH,transgenesis,RSV,body_weight,P1,400,9,186.838,10.515,34,189.265,11.324
19,4,Gross et al.,1992,fish,Northern pike,Esox lucius,csGH,transgenesis,RSV,body_weight,P1,400,9,186.838,5.662,34,161.765,9.706
20,5,Devlin et al.,1995,fish,Coho salmon,Oncorhynchus kisutch,csGH,transgenesis,opAFP,body_weight,P1,150,6,14,1.1,25,3.9,0.4
21,5,Devlin et al.,1995,fish,Coho salmon,Oncorhynchus kisutch,csGH,transgenesis,opAFP,body_weight,P1,450,15,278.2,61.3,370,26.1,1.7
22,5,Devlin et al.,1995,fish,Coho salmon,Oncorhynchus kisutch,csGH,transgenesis,opAFP,SGR,P1,150,6,3.79,0.37,25,1.03,0.26
23,5,Devlin et al.,1995,fish,Coho salmon,Oncorhynchus kisutch,csGH,transgenesis,opAFP,SGR,P1,450,15,2.14,0.24,370,1.82,0.03
25,5,Devlin et al.,1995,fish,Coho salmon,Oncorhynchus kisutch,csGH,transgenesis,opAFP,condition_factor,P1,450,15,8,0.2,370,9,0.3
26,5,Devlin et al.,1995,fish,Rainbow trout,Oncorhynchus mykiss,csGH,transgenesis,opAFP,body_weight,P1,300,18,119.5,12.4,29,37.9,9.4
27,5,Devlin et al.,1995,fish,Rainbow trout,Oncorhynchus mykiss,csGH,transgenesis,opAFP,SGR,P1,300,18,1.64,0.16,29,1.44,0.11
28,5,Devlin et al.,1995,fish,Rainbow trout,Oncorhynchus mykiss,csGH,transgenesis,opAFP,condition_factor,P1,300,18,7.8,0.2,29,7.7,0.3
29,6,Martínez et al.,1996,fish,Hybrid tilapia,Oreochromis niloticus,tiGH,transgenesis,CMV,body_weight,F1,270,18,399.1,94.1,20,219.5,49.1
30,6,Martínez et al.,1996,fish,Hybrid tilapia,Oreochromis niloticus,tiGH,transgenesis,CMV,plasma_GH,F1,240,13,25.7,14.6,90,26.1,20.6
31,7,Rahman et al.,1998,fish,Nile tilapia,Oreochromis niloticus,csGH,transgenesis,opAFP,plasma_GH,P1,150,6,1.02,0.14,6,0,0
34,7,Rahman et al.,1998,fish,Nile tilapia,Oreochromis niloticus,csGH,transgenesis,opAFP,condition_factor,F1,150,18,17.46,0.32,32,17.58,0.31
35,7,Rahman et al.,1998,fish,Nile tilapia,Oreochromis niloticus,csGH,transgenesis,opAFP,condition_factor,F1,150,110,15.33,102,446,18.06,0.3
36,7,Rahman et al.,1998,fish,Nile tilapia,Oreochromis niloticus,csGH,transgenesis,opAFP,SGR,F1,180,12,2.73,0.34,13,2.2,0.67
37,7,Rahman et al.,1998,fish,Nile tilapia,Oreochromis niloticus,csGH,transgenesis,opAFP,weight_gain,F1,180,12,97.87,11.67,13,22.67,3.71
38,7,Rahman et al.,1998,fish,Nile tilapia,Oreochromis niloticus,csGH,transgenesis,opAFP,FCE,F1,180,12,131.34,6.92,13,98.61,3.65
39,8,Hinits and Moav,1999,fish,Common carp,Cyprinus carpio,csGH,transgenesis,?-actin,weight_gain,F1,180,80,454.6,41.2,80,378.2,18.3
40,8,Hinits and Moav,1999,fish,Common carp,Cyprinus carpio,csGH,transgenesis,?-actin,weight_gain,F1,180,80,416.6,33,80,378.2,18.3
41,8,Hinits and Moav,1999,fish,Common carp,Cyprinus carpio,csGH,transgenesis,?-actin,weight_gain,F1,180,80,410.5,25.5,80,378.2,18.3
42,8,Hinits and Moav,1999,fish,Common carp,Cyprinus carpio,csGH,transgenesis,?-actin,SGR,F1,180,80,2.2,0.5,80,2.6,0.23
43,8,Hinits and Moav,1999,fish,Common carp,Cyprinus carpio,csGH,transgenesis,?-actin,SGR,F1,180,80,2,1.3,80,2.6,0.23
44,8,Hinits and Moav,1999,fish,Common carp,Cyprinus carpio,csGH,transgenesis,?-actin,SGR,F1,180,80,2.4,0.45,80,2.6,0.23
45,8,Hinits and Moav,1999,fish,Common carp,Cyprinus carpio,csGH,transgenesis,?-actin,weight_gain,F1,90,51,27.8,12.2,80,9.5,2.6
46,8,Hinits and Moav,1999,fish,Common carp,Cyprinus carpio,csGH,transgenesis,?-actin,weight_gain,F1,90,80,34.8,11.8,80,9.5,2.6
47,8,Hinits and Moav,1999,fish,Common carp,Cyprinus carpio,csGH,transgenesis,?-actin,SGR,F1,90,51,1,0.13,80,0.4,0.11
48,8,Hinits and Moav,1999,fish,Common carp,Cyprinus carpio,csGH,transgenesis,?-actin,SGR,F1,90,80,0.9,0.13,80,0.4,0.11
49,9,Pitkanen et al.,1999,fish,Arctic charr,Salvelinus alpinus,ssGH,transgenesis,CMV,body_weight,P1,150,14,14.151,0,105,2.83,0
50,9,Pitkanen et al.,1999,fish,Arctic charr,Salvelinus alpinus,ssGH,transgenesis,OnMT,body_weight,P1,150,14,68.868,6.604,105,2.83,0
52,9,Pitkanen et al.,1999,fish,Arctic charr,Salvelinus alpinus,ssGH,transgenesis,CMV,body_weight,P1,240,13,15.094,0,100,3.774,0
55,9,Pitkanen et al.,1999,fish,Arctic charr,Salvelinus alpinus,ssGH,transgenesis,CMV,body_weight,P1,300,9,11.321,2.83,95,13.208,0
56,9,Pitkanen et al.,1999,fish,Arctic charr,Salvelinus alpinus,ssGH,transgenesis,OnMT,body_weight,P1,300,9,50,7.547,95,13.208,0
57,9,Pitkanen et al.,1999,fish,Arctic charr,Salvelinus alpinus,ssGH,transgenesis,OnH3,body_weight,P1,300,9,209.434,34.906,95,13.208,0
61,10,Rahman and Maclean,2002,fish,Nile tilapia,Oreochromis niloticus,csGH,transgenesis,opAFP,condition_factor,F1,210,18,17.46,0.32,32,17.58,0.31
62,10,Rahman and Maclean,2002,fish,Nile tilapia,Oreochromis niloticus,csGH,transgenesis,opAFP,condition_factor,F1,210,2,17.46,0.2,49,18.9,0.38
64,11,Martínez et al.,1999,fish,Wami tilapia,Oreochromis urolepi,tiGH,transgenesis,CMV,body_weight,F1,120,6,213.3,33.2,11,156.4,64.2
65,11,Martínez et al.,1999,fish,Wami tilapia,Oreochromis urolepi,tiGH,transgenesis,CMV,body_weight,F1,120,8,263.7,31,11,156.4,64.2
67,12,Cook et al.,2000,fish,Atlantic salmon,Salmo salar,csGH,transgenesis,opAFP,FCE,F1,180,35,85.5,20,45,65.8,23.6
69,13,Hill et al.,2000,fish,Coho salmon,Oncorhynchus kisutch,csGH,transgenesis,OnMT,myofiber_size,F1,60,5,170,4,3,176,8
70,14,Kim et al.,2000,pig,Landrace,Sus scrofa,mc4r,gene_editing,NA,SGR,P1,60,12,982.8,22.8,16,892.6,10.4
71,14,Kim et al.,2000,pig,Landrace,Sus scrofa,mc4r,gene_editing,NA,SGR,P1,60,9,913.3,11.6,8,892.6,10.4
72,14,Kim et al.,2000,pig,Large white,Sus scrofa,mc4r,gene_editing,NA,SGR,P1,60,16,868.4,12.1,9,841.7,13.8
73,14,Kim et al.,2000,pig,Large white,Sus scrofa,mc4r,gene_editing,NA,SGR,P1,60,19,862.4,15.1,11,841.7,13.8
74,15,Wang et al.,2001,fish,Common carp,Cyprinus carpio,gcGH,transgenesis,?-actin,body_weight,P1,120,324,863,62,359,1203,124
75,16,Nam et al.,2001,fish,Mud loach,Misgurnus fossilis,mlGH,transgenesis,?-actin,FCE,F1,90,36,90.222,9.111,36,48,4.222
76,16,Nam et al.,2001,fish,Mud loach,Misgurnus fossilis,mlGH,transgenesis,?-actin,FCE,F1,90,36,87.333,11.111,36,45.778,4.889
77,16,Nam et al.,2001,fish,Mud loach,Misgurnus fossilis,mlGH,transgenesis,?-actin,FCE,F1,90,36,70.667,11.556,36,44.222,6.667
78,16,Nam et al.,2001,fish,Mud loach,Misgurnus fossilis,mlGH,transgenesis,?-actin,body_weight,P1,90,110,87.181,12.758,110,6.379,0
79,16,Nam et al.,2001,fish,Mud loach,Misgurnus fossilis,mlGH,transgenesis,?-actin,body_weight,P1,120,110,141.616,22.965,110,6.379,0
80,16,Nam et al.,2001,fish,Mud loach,Misgurnus fossilis,mlGH,transgenesis,?-actin,body_weight,P1,150,110,210.51,29.344,110,8.931,0
81,16,Nam et al.,2001,fish,Mud loach,Misgurnus fossilis,mlGH,transgenesis,?-actin,body_weight,P1,180,110,263.67,34.022,110,9.356,3.402
82,16,Nam et al.,2001,fish,Mud loach,Misgurnus fossilis,mlGH,transgenesis,?-actin,body_weight,P1,210,110,304.07,37.424,110,13.609,2.977
83,16,Nam et al.,2001,fish,Mud loach,Misgurnus fossilis,mlGH,transgenesis,?-actin,body_weight,P1,240,110,320.656,35.723,110,16.586,4.253
84,17,Adams et al.,2002,sheep,Merino,Ovis aries,ovGH,transgenesis,SpMT,body_weight,F1,0,22,4.33,1.2,55,4.14,0.9
85,17,Adams et al.,2002,sheep,Poll Dorset,Ovis aries,ovGH,transgenesis,SpMT,body_weight,F1,0,13,3.36,0.6,42,3.78,1.2
86,17,Adams et al.,2002,sheep,Poll Dorset,Ovis aries,ovGH,transgenesis,SpMT,plasma_GH,F1,90,4,4.3,0.89,4,2,0.92
87,17,Adams et al.,2002,sheep,Poll Dorset,Ovis aries,ovGH,transgenesis,SpMT,plasma_GH,F1,90,28,1.7,0.9,34,2.2,0.56
88,17,Adams et al.,2002,sheep,Poll Dorset,Ovis aries,ovGH,transgenesis,SpMT,plasma_GH,F1,90,24,3.3,1,25,1.8,0.3
89,17,Adams et al.,2002,sheep,Poll Dorset,Ovis aries,ovGH,transgenesis,SpMT,plasma_GH,F1,150,4,4.7,0.3,4,1.4,0.08
90,17,Adams et al.,2002,sheep,Poll Dorset,Ovis aries,ovGH,transgenesis,SpMT,plasma_GH,F1,150,28,1.3,0.46,34,1.2,0.4
91,17,Adams et al.,2002,sheep,Poll Dorset,Ovis aries,ovGH,transgenesis,SpMT,plasma_GH,F1,150,24,4,1,25,1.6,0.9
92,17,Adams et al.,2002,sheep,Poll Dorset,Ovis aries,ovGH,transgenesis,SpMT,plasma_GH,F1,420,4,7.7,1.2,4,3.5,0.4
93,17,Adams et al.,2002,sheep,Poll Dorset,Ovis aries,ovGH,transgenesis,SpMT,plasma_GH,F1,420,28,4,0.9,34,3.3,0.9
94,17,Adams et al.,2002,sheep,Poll Dorset,Ovis aries,ovGH,transgenesis,SpMT,plasma_GH,F1,420,24,8.7,1.1,25,3.8,1
95,17,Adams et al.,2002,sheep,Poll Dorset,Ovis aries,ovGH,transgenesis,SpMT,plasma_GH,F1,510,4,5.6,0.9,4,1.4,0.34
96,17,Adams et al.,2002,sheep,Poll Dorset,Ovis aries,ovGH,transgenesis,SpMT,plasma_GH,F1,510,28,1.6,0.35,34,1.6,0.13
97,17,Adams et al.,2002,sheep,Poll Dorset,Ovis aries,ovGH,transgenesis,SpMT,plasma_GH,F1,510,24,7,0.8,25,1.9,0.22
98,17,Adams et al.,2002,sheep,Merino,Ovis aries,ovGH,transgenesis,SpMT,condition_factor,F1,180,3,1.977,0.193,3,2.239,0.15
99,17,Adams et al.,2002,sheep,Merino,Ovis aries,ovGH,transgenesis,SpMT,condition_factor,F1,180,3,2.152,0.05,3,2.383,0.05
100,17,Adams et al.,2002,sheep,Merino,Ovis aries,ovGH,transgenesis,SpMT,condition_factor,F1,180,3,2.389,0.044,3,2.389,0.05
101,17,Adams et al.,2002,sheep,Merino,Ovis aries,ovGH,transgenesis,SpMT,body_weight,F1,180,3,27.926,5.832,3,21.273,5.996
102,17,Adams et al.,2002,sheep,Merino,Ovis aries,ovGH,transgenesis,SpMT,body_weight,F1,180,3,36.797,2.382,3,28.008,1.971
103,17,Adams et al.,2002,sheep,Merino,Ovis aries,ovGH,transgenesis,SpMT,body_weight,F1,180,3,28.747,2.3,3,27.187,2.218
104,18,Pursel et al.,2004,pig,DeKalb,Sus scrofa,IGF-I,transgenesis,?-actin,body_weight,P1,0,34,1.45,0.1,40,1.53,0.05
105,18,Pursel et al.,2004,pig,DeKalb,Sus scrofa,IGF-I,transgenesis,?-actin,body_weight,P1,30,34,1.51,0.09,40,1.6,0.08
108,19,Venugopal et al.,2004,fish,Rohu,Labeo rohita,roGH,transgenesis,CMV,FCE,P1,240,3,159,25,3,72.6,8.66
109,19,Venugopal et al.,2004,fish,Rohu,Labeo rohita,roGH,transgenesis,CMV,FCE,P1,720,3,121,26.6,3,93.65,3.527
110,20,Adams and Briegel,2005,sheep,Merino ,Ovis aries,ovGH,transgenesis,SpMT,body_weight,F1,360,7,62.5,1.3,9,54.4,1.2
111,20,Adams and Briegel,2005,sheep,Merino ,Ovis aries,ovGH,transgenesis,SpMT,body_weight,F1,720,7,82.2,2.3,9,71.4,1.6
112,21,Adams et al,2006,sheep,Merino ,Ovis aries,ovGH,transgenesis,SpMT,body_weight,F1,600,6,69.9,1.6,6,59.4,1.6
113,22,Bee et al.,2007,pig,DeKalb,Sus scrofa,IGF-I,transgenesis,?-actin,body_weight,F1,0,23,462,13.5,34,441,12.7
114,22,Bee et al.,2007,pig,DeKalb,Sus scrofa,IGF-I,transgenesis,?-actin,body_weight,F1,0,11,444,15.6,27,427,10.9
115,22,Bee et al.,2007,pig,DeKalb,Sus scrofa,IGF-I,transgenesis,?-actin,myofiber_number,F1,0,23,8.6,0.9,34,10.1,1.1
116,22,Bee et al.,2007,pig,DeKalb,Sus scrofa,IGF-I,transgenesis,?-actin,myofiber_number,F1,0,11,10.38,0.85,27,11.1,2
117,23,Mosher et al.,2007,dog,whippet dog,Canis lupus,mstn,gene_editing,NA,body_weight,P1,0,5,0.45,0.07,22,0.23,0.06
118,24,Kobayashi et al.,2007,fish,Nile tilapia,Oreochromis niloticus,tiGH,transgenesis,?-actin,body_weight,F1,30,10,3.26,0.56,10,0.82,0.2
119,24,Kobayashi et al.,2007,fish,Nile tilapia,Oreochromis niloticus,tiGH,transgenesis,?-actin,body_weight,F1,120,10,230,29.5,10,32.8,9.3
120,24,Kobayashi et al.,2007,fish,Nile tilapia,Oreochromis niloticus,tiGH,transgenesis,?-actin,body_weight,F1,480,10,2296.4,871.7,10,683.2,153.7
121,24,Kobayashi et al.,2007,fish,Nile tilapia,Oreochromis niloticus,tiGH,transgenesis,?-actin,body_weight,F1,480,10,2509.4,783.2,10,379.7,117.8
122,24,Kobayashi et al.,2007,fish,Nile tilapia,Oreochromis niloticus,tiGH,transgenesis,?-actin,condition_factor,F1,480,10,45.64,4.85,10,38.31,2.69
123,24,Kobayashi et al.,2007,fish,Nile tilapia,Oreochromis niloticus,tiGH,transgenesis,?-actin,condition_factor,F1,480,10,45.92,4.21,10,36.22,2.07
125,25,Oakes et al.,2007,fish,Coho salmon,Oncorhynchus kisutch,csGH,transgenesis,opAFP,SGR,F1,60,6,2.06,0.98,12,1.03,0.9
126,25,Oakes et al.,2007,fish,Coho salmon,Oncorhynchus kisutch,csGH,transgenesis,opAFP,FCE,F1,60,6,6.39,1.22,12,5.81,0.98
127,26,Arenal et al.,2008,shrimp,Southern white shrimp,Litopenaeus setiferus,tiGH,transgenesis,CMV,body_weight,P1,10,17,1.9,0.1,33,1.5,0.2
128,27,Boman et al.,2009,sheep,Norwegian White Sheep,Ovis aries,mstn,gene_editing,NA,body_weight,P1,150,7,24.2,4.8,395,19.2,6.1
129,27,Boman et al.,2009,sheep,Norwegian White Sheep,Ovis aries,mstn,gene_editing,NA,body_weight,P1,150,17,23.4,3.3,395,19.2,6.1
130,28,Tang et al.,2010,chicken,Beijing You,Gallus gallus,TGF?2,gene_editing,NA,body_weight,F1,49,489,545.87,4.97,126,538.31,7.48
131,28,Tang et al.,2010,chicken,Beijing You,Gallus gallus,TGF?2,gene_editing,NA,body_weight,F1,49,415,550.35,5.22,126,538.31,7.48
132,28,Tang et al.,2010,chicken,Beijing You,Gallus gallus,TGF?2,gene_editing,NA,body_weight,F1,63,489,661.42,7.96,126,646.19,14.3
133,28,Tang et al.,2010,chicken,Beijing You,Gallus gallus,TGF?2,gene_editing,NA,body_weight,F1,63,415,654.43,8.57,126,646.19,14.3
134,28,Tang et al.,2010,chicken,Beijing You,Gallus gallus,TGF?2,gene_editing,NA,body_weight,F1,77,489,721.52,10.11,126,700.37,16.21
135,28,Tang et al.,2010,chicken,Beijing You,Gallus gallus,TGF?2,gene_editing,NA,body_weight,F1,77,415,745.24,10.72,126,700.37,16.21
136,28,Tang et al.,2010,chicken,Beijing You,Gallus gallus,TGF?2,gene_editing,NA,body_weight,F1,91,489,991.41,9.32,126,971.84,13.84
137,28,Tang et al.,2010,chicken,Beijing You,Gallus gallus,TGF?2,gene_editing,NA,body_weight,F1,91,415,1003.47,9.77,126,971.84,13.84
138,28,Tang et al.,2010,chicken,Beijing You,Gallus gallus,TGF?2,gene_editing,NA,body_weight,F1,119,489,1295.19,11.15,126,1252.45,17.08
139,28,Tang et al.,2010,chicken,Beijing You,Gallus gallus,TGF?2,gene_editing,NA,body_weight,F1,119,415,1298.43,11.74,126,1252.45,17.08
140,28,Tang et al.,2010,chicken,Beijing You,Gallus gallus,TGF?2,gene_editing,NA,body_weight,F1,49,356,535.18,5.45,648,553.5,4.75
141,28,Tang et al.,2010,chicken,Beijing You,Gallus gallus,TGF?2,gene_editing,NA,body_weight,F1,49,27,535.8,13.43,648,553.5,4.75
142,28,Tang et al.,2010,chicken,Beijing You,Gallus gallus,TGF?2,gene_editing,NA,body_weight,F1,63,356,646.69,9.15,648,661.33,7.21
143,28,Tang et al.,2010,chicken,Beijing You,Gallus gallus,TGF?2,gene_editing,NA,body_weight,F1,63,27,675.25,28.69,648,661.33,7.21
144,28,Tang et al.,2010,chicken,Beijing You,Gallus gallus,TGF?2,gene_editing,NA,body_weight,F1,77,356,712.2,11.38,648,738.68,9.61
145,28,Tang et al.,2010,chicken,Beijing You,Gallus gallus,TGF?2,gene_editing,NA,body_weight,F1,77,27,690.82,30.57,648,738.68,9.61
146,28,Tang et al.,2010,chicken,Beijing You,Gallus gallus,TGF?2,gene_editing,NA,body_weight,F1,91,356,978.04,10.24,648,1003.05,8.97
147,28,Tang et al.,2010,chicken,Beijing You,Gallus gallus,TGF?2,gene_editing,NA,body_weight,F1,91,27,973.31,24.85,648,1003.05,8.97
148,28,Tang et al.,2010,chicken,Beijing You,Gallus gallus,TGF?2,gene_editing,NA,body_weight,F1,119,356,1276.46,12.34,648,1302.55,10.65
149,28,Tang et al.,2010,chicken,Beijing You,Gallus gallus,TGF?2,gene_editing,NA,body_weight,F1,119,27,1211.65,31.31,648,1302.55,10.65
150,29,Song and Kim,2012,fish,Mud loach,Misgurnus fossilis,mlGH,transgenesis,?-actin,body_weight,F1,30,22,4.034,0,48,1.513,0
151,29,Song and Kim,2012,fish,Mud loach,Misgurnus fossilis,mlGH,transgenesis,?-actin,body_weight,F1,30,22,12.101,1.513,48,1.513,0
152,29,Song and Kim,2012,fish,Mud loach,Misgurnus fossilis,mlGH,transgenesis,?-actin,body_weight,F1,30,22,8.067,0,48,1.513,0
153,29,Song and Kim,2012,fish,Mud loach,Misgurnus fossilis,mlGH,transgenesis,?-actin,body_weight,F1,30,22,8.824,0,48,1.513,0
154,29,Song and Kim,2012,fish,Mud loach,Misgurnus fossilis,mlGH,transgenesis,?-actin,body_weight,F1,60,22,5.546,0,48,4.034,0
155,29,Song and Kim,2012,fish,Mud loach,Misgurnus fossilis,mlGH,transgenesis,?-actin,body_weight,F1,60,22,22.185,2.017,48,4.034,0
156,29,Song and Kim,2012,fish,Mud loach,Misgurnus fossilis,mlGH,transgenesis,?-actin,body_weight,F1,60,22,15.378,0,48,4.034,0
157,29,Song and Kim,2012,fish,Mud loach,Misgurnus fossilis,mlGH,transgenesis,?-actin,body_weight,F1,60,22,15.882,0,48,4.034,0
158,29,Song and Kim,2012,fish,Mud loach,Misgurnus fossilis,mlGH,transgenesis,?-actin,body_weight,F1,90,22,10.84,1.765,48,4.286,0
160,29,Song and Kim,2012,fish,Mud loach,Misgurnus fossilis,mlGH,transgenesis,?-actin,body_weight,F1,90,22,29.244,3.025,48,4.286,0
161,29,Song and Kim,2012,fish,Mud loach,Misgurnus fossilis,mlGH,transgenesis,?-actin,body_weight,F1,90,22,29.748,3.025,48,4.286,0
162,29,Song and Kim,2012,fish,Mud loach,Misgurnus fossilis,mlGH,transgenesis,?-actin,body_weight,F1,120,22,13.613,2.269,48,6.303,0
163,29,Song and Kim,2012,fish,Mud loach,Misgurnus fossilis,mlGH,transgenesis,?-actin,body_weight,F1,120,22,32.521,3.277,48,6.303,0
164,29,Song and Kim,2012,fish,Mud loach,Misgurnus fossilis,mlGH,transgenesis,?-actin,body_weight,F1,120,22,41.092,3.782,48,6.303,0
165,29,Song and Kim,2012,fish,Mud loach,Misgurnus fossilis,mlGH,transgenesis,?-actin,body_weight,F1,120,22,43.109,4.034,48,6.303,0
166,29,Song and Kim,2012,fish,Mud loach,Misgurnus fossilis,mlGH,transgenesis,?-actin,body_weight,F1,150,22,19.412,2.269,48,8.319,1.261
167,29,Song and Kim,2012,fish,Mud loach,Misgurnus fossilis,mlGH,transgenesis,?-actin,body_weight,F1,150,22,36.807,4.034,48,8.319,1.261
168,29,Song and Kim,2012,fish,Mud loach,Misgurnus fossilis,mlGH,transgenesis,?-actin,body_weight,F1,150,22,51.176,5.546,48,8.319,1.261
169,29,Song and Kim,2012,fish,Mud loach,Misgurnus fossilis,mlGH,transgenesis,?-actin,body_weight,F1,150,22,58.739,6.05,48,8.319,1.261
170,29,Song and Kim,2012,fish,Mud loach,Misgurnus fossilis,mlGH,transgenesis,?-actin,body_weight,F1,180,22,22.185,3.025,48,10.084,2.269
171,29,Song and Kim,2012,fish,Mud loach,Misgurnus fossilis,mlGH,transgenesis,?-actin,body_weight,F1,180,22,40.84,4.286,48,10.084,2.269
172,29,Song and Kim,2012,fish,Mud loach,Misgurnus fossilis,mlGH,transgenesis,?-actin,body_weight,F1,180,22,68.824,6.555,48,10.084,2.269
173,29,Song and Kim,2012,fish,Mud loach,Misgurnus fossilis,mlGH,transgenesis,?-actin,body_weight,F1,180,22,74.622,7.815,48,10.084,2.269
174,30,Luo et al.,2014,cattle,Yellow cattle,Bos taurus,mstn,gene_editing,NA,myofiber_size,P1,30,3,346,12.9,3,234.8,9.7
175,31,Qian et al.,2015,pig,Meishan,Sus scrofa,mstn,gene_editing,NA,body_weight,P1,240,3,47.07,1.4,6,38.03,0.54
176,31,Qian et al.,2015,pig,Meishan,Sus scrofa,mstn,gene_editing,NA,myofiber_size,P1,240,3,1286.01,77.36,3,1975.51,111.2
177,31,Qian et al.,2015,pig,Meishan,Sus scrofa,mstn,gene_editing,NA,myofiber_size,P1,240,3,2837.31,214.41,3,1975.51,111.2
178,31,Qian et al.,2015,pig,Meishan,Sus scrofa,mstn,gene_editing,NA,myofiber_number,P1,240,3,475.25,18.13,3,396.35,10.51
179,31,Qian et al.,2015,pig,Meishan,Sus scrofa,mstn,gene_editing,NA,myofiber_number,P1,240,3,348.88,15.57,3,396.35,10.51
180,31,Qian et al.,2015,pig,Meishan,Sus scrofa,mstn,gene_editing,NA,myofiber_number,P1,240,3,1508,93.33,3,1954,34.99
181,31,Qian et al.,2015,pig,Meishan,Sus scrofa,mstn,gene_editing,NA,myofiber_number,P1,240,3,514.8,39.47,3,412.9,4.36
182,31,Qian et al.,2015,pig,Meishan,Sus scrofa,mstn,gene_editing,NA,myofiber_number,P1,240,3,15.7,2.2,3,7.79,0.76
183,31,Qian et al.,2015,pig,Meishan,Sus scrofa,mstn,gene_editing,NA,myofiber_number,P1,240,3,8.54,0.35,3,7.79,0.76
184,32,Wang et al.,2015,pig,Landrace,Sus scrofa,mstn,gene_editing,NA,myofiber_number,P1,0,5,208410.351,5083.179,5,161275.416,13401.109
185,32,Wang et al.,2015,pig,Landrace,Sus scrofa,mstn,gene_editing,NA,myofiber_number,P1,0,5,207486.137,9242.144,5,150184.843,7855.823
186,33,Crispo et al.,2015,sheep,Helsinki ,Ovis aries,mstn,gene_editing,NA,body_weight,P1,15,5,8.086,0.756,12,4.332,0.378
187,33,Crispo et al.,2015,sheep,Helsinki ,Ovis aries,mstn,gene_editing,NA,body_weight,P1,15,5,9.824,0.907,12,4.332,0.378
188,33,Crispo et al.,2015,sheep,Helsinki ,Ovis aries,mstn,gene_editing,NA,body_weight,P1,30,5,12.594,1.411,12,7.053,0.353
189,33,Crispo et al.,2015,sheep,Helsinki ,Ovis aries,mstn,gene_editing,NA,body_weight,P1,30,5,11.662,0.655,12,7.053,0.353
190,33,Crispo et al.,2015,sheep,Helsinki ,Ovis aries,mstn,gene_editing,NA,body_weight,P1,60,5,15.416,1.108,12,8.438,0.605
191,33,Crispo et al.,2015,sheep,Helsinki ,Ovis aries,mstn,gene_editing,NA,body_weight,P1,60,5,12.544,0.504,12,8.438,0.605
192,34,Lv et al.,2015,rabbit,New Zealand,Oryctolagus cuniculus,mstn,gene_editing,NA,myofiber_size,F1,60,4,1539.2,132.52,4,1055.81,257.57
193,34,Lv et al.,2015,rabbit,New Zealand,Oryctolagus cuniculus,mstn,gene_editing,NA,myofiber_size,F1,60,4,2011.01,169.79,4,1318.51,261.48
194,34,Lv et al.,2015,rabbit,New Zealand,Oryctolagus cuniculus,mstn,gene_editing,NA,myofiber_number,F1,60,4,327.79,21.12,4,211.37,19.89
195,34,Lv et al.,2015,rabbit,New Zealand,Oryctolagus cuniculus,mstn,gene_editing,NA,body_weight,F1,14,4,0.241,0.072,4,0.179,0
196,34,Lv et al.,2015,rabbit,New Zealand,Oryctolagus cuniculus,mstn,gene_editing,NA,body_weight,F1,28,4,0.604,0.179,4,0.469,0
197,34,Lv et al.,2015,rabbit,New Zealand,Oryctolagus cuniculus,mstn,gene_editing,NA,body_weight,F1,42,4,1.39,0.107,4,1.127,0
198,34,Lv et al.,2015,rabbit,New Zealand,Oryctolagus cuniculus,mstn,gene_editing,NA,body_weight,F1,49,4,1.873,0.179,4,1.484,0.094
199,34,Lv et al.,2015,rabbit,New Zealand,Oryctolagus cuniculus,mstn,gene_editing,NA,body_weight,F1,56,4,2.222,0.179,4,1.663,0.098
200,35,Zhong et al.,2016,fish,Common carp,Cyprinus carpio,mstn,gene_editing,NA,body_weight,P1,30,20,0.151,0.015,20,0.118,0.023
201,35,Zhong et al.,2016,fish,Common carp,Cyprinus carpio,mstn,gene_editing,NA,body_weight,P1,60,20,0.602,0.023,20,0.482,0.028
202,35,Zhong et al.,2016,fish,Common carp,Cyprinus carpio,mstn,gene_editing,NA,body_weight,P1,90,20,1.144,0.028,20,0.991,0.063
203,35,Zhong et al.,2016,fish,Common carp,Cyprinus carpio,mstn,gene_editing,NA,myofiber_number,P1,150,24,438.073,29.817,24,367.546,16.055
206,36,Bi et al.,2016,pig,Hubei white,Sus scrofa,mstn,gene_editing,NA,myofiber_size,P1,180,2,43.01,4.724,3,25.23,1.766
207,36,Bi et al.,2016,pig,Hubei white,Sus scrofa,mstn,gene_editing,NA,myofiber_size,P1,180,2,43.77,4.562,3,25.23,1.766
208,36,Bi et al.,2016,pig,Hubei white,Sus scrofa,mstn,gene_editing,NA,body_weight,P1,30,3,6.338,0,3,7.042,0
209,36,Bi et al.,2016,pig,Hubei white,Sus scrofa,mstn,gene_editing,NA,body_weight,P1,60,3,20.246,2.113,3,20.07,0
210,36,Bi et al.,2016,pig,Hubei white,Sus scrofa,mstn,gene_editing,NA,body_weight,P1,90,3,33.099,3.345,3,28.873,0
211,36,Bi et al.,2016,pig,Hubei white,Sus scrofa,mstn,gene_editing,NA,body_weight,P1,120,3,49.824,2.465,3,43.838,2.113
212,36,Bi et al.,2016,pig,Hubei white,Sus scrofa,mstn,gene_editing,NA,body_weight,P1,150,3,66.901,2.465,3,58.979,0
213,36,Bi et al.,2016,pig,Hubei white,Sus scrofa,mstn,gene_editing,NA,body_weight,P1,180,3,87.324,0,3,81.338,2.641
214,37,Rao et al.,2016,pig,Crossbred,Sus scrofa,mstn,gene_editing,NA,myofiber_number,P1,30,10,1435789,78200,30,681073,28994
215,37,Rao et al.,2016,pig,Crossbred,Sus scrofa,mstn,gene_editing,NA,body_weight,P1,30,1,4.4,0,3,2.46,0.73
216,37,Rao et al.,2016,pig,Crossbred,Sus scrofa,mstn,gene_editing,NA,body_weight,P1,30,1,2.4,0,3,1.66,0.09
217,37,Rao et al.,2016,pig,Crossbred,Sus scrofa,mstn,gene_editing,NA,body_weight,P1,30,1,2.5,0,3,1.62,0.15
218,38,Guo et al.,2016,rabbit,Jiangsu,Oryctolagus cuniculus,mstn,gene_editing,NA,body_weight,P1,0,8,2.1,0.59,10,1.19,0.16
219,38,Guo et al.,2016,rabbit,Jiangsu,Oryctolagus cuniculus,mstn,gene_editing,NA,body_weight,P1,0,8,1.01,0.27,10,0.67,0.13
220,38,Guo et al.,2016,rabbit,Jiangsu,Oryctolagus cuniculus,mstn,gene_editing,NA,body_weight,P1,0,8,0.86,0.21,10,0.43,0.059
221,38,Guo et al.,2016,rabbit,Jiangsu,Oryctolagus cuniculus,mstn,gene_editing,NA,body_weight,P1,0,31,61.1,14.87,42,51.24,7.97
222,38,Guo et al.,2016,goat,Haimen,Capra hircus,mstn,gene_editing,NA,body_weight,P1,4,4,3.072,0.483,17,2.488,0.28
223,38,Guo et al.,2016,goat,Haimen,Capra hircus,mstn,gene_editing,NA,body_weight,P1,120,4,15.619,0,17,12.216,0.361
224,39,Yu et al.,2016,goat,Delta,Capra hircus,mstn,gene_editing,NA,myofiber_size,P1,0,338,3475,124,374,3194,159
225,40,Kang et al.,2017,pig,Uknown,Sus scrofa,mstn,gene_editing,NA,myofiber_size,P1,30,3,67.669,0,3,25.376,25.376
226,40,Kang et al.,2017,pig,Uknown,Sus scrofa,mstn,gene_editing,NA,myofiber_size,P1,60,3,972.744,338.346,3,465.226,211.466
227,40,Kang et al.,2017,pig,Uknown,Sus scrofa,mstn,gene_editing,NA,myofiber_size,P1,180,3,3442.669,778.195,3,2359.962,668.233
228,40,Kang et al.,2017,pig,Uknown,Sus scrofa,mstn,gene_editing,NA,myofiber_size,P1,30,3,147.826,24.595,3,86.957,0
229,40,Kang et al.,2017,pig,Uknown,Sus scrofa,mstn,gene_editing,NA,myofiber_size,P1,60,3,747.826,200,3,469.565,156.522
230,40,Kang et al.,2017,pig,Uknown,Sus scrofa,mstn,gene_editing,NA,myofiber_size,P1,180,3,3017.391,547.826,3,2086.957,426.087
231,41,Jiang et al.,2017,fish,blunt snout bream,Megalobrama amblycephala,gcFST,transgenesis,Mylz2,body_weight,F1,510,8,15.811,1.351,8,10.405,0.946
232,41,Jiang et al.,2017,fish,blunt snout bream,Megalobrama amblycephala,gcFST,transgenesis,Mylz2,myofiber_size,F1,510,8,1.62,0.84,8,1.32,0.81
233,42,Wang et al.,2017,pig,Erhualian,Sus scrofa,mstn,gene_editing,NA,body_weight,P1,0,23,823.009,50.147,75,628.319,135.693
234,43,Khalil et al.,2017,fish,channel catfish,Ictalurus punctatus,mstn,gene_editing,NA,myofiber_size,P1,30,32,30.4,0.2,32,29.8,0.2
235,43,Khalil et al.,2017,fish,channel catfish,Ictalurus punctatus,mstn,gene_editing,NA,myofiber_size,P1,30,32,24668.6,394.8,32,18109.7,467.4
237,43,Khalil et al.,2017,fish,channel catfish,Ictalurus punctatus,mstn,gene_editing,NA,body_weight,P1,40,115,234.3,6.9,115,180.6,2.77
238,44,Zou et al.,2018,pig,Large white,Sus domesticus,FBXO40,gene_editing,NA,body_weight,F1,150,5,58.772,1.574,5,54.63,0.517
239,44,Zou et al.,2018,pig,Large white,Sus domesticus,FBXO40,gene_editing,NA,body_weight,F1,150,5,7.015,0.315,5,7.054,0.591
240,45,Wang et al.,2018,pig,Bama,Sus scrofa,IGF2,gene_editing,NA,body_weight,P1,120,4,15.87,1.706,4,11.007,1.024
241,45,Wang et al.,2018,pig,Bama,Sus scrofa,IGF2,gene_editing,NA,body_weight,P1,150,4,18.089,1.706,4,13.14,1.621
242,45,Wang et al.,2018,pig,Bama,Sus scrofa,IGF2,gene_editing,NA,body_weight,P1,180,4,21.16,2.133,4,14.164,1.706
243,45,Wang et al.,2018,pig,Bama,Sus scrofa,IGF2,gene_editing,NA,body_weight,P1,120,4,21.875,0.833,5,13.333,0.729
244,45,Wang et al.,2018,pig,Bama,Sus scrofa,IGF2,gene_editing,NA,body_weight,P1,150,4,23.438,1.354,5,16.667,1.146
245,45,Wang et al.,2018,pig,Bama,Sus scrofa,IGF2,gene_editing,NA,body_weight,P1,180,4,28.229,1.562,5,19.792,1.354
246,45,Wang et al.,2018,pig,Bama,Sus scrofa,IGF2,gene_editing,NA,body_weight,F1,0,6,0.65,0.04,5,0.7,0.03
247,45,Wang et al.,2018,pig,Bama,Sus scrofa,IGF2,gene_editing,NA,body_weight,F1,0,8,0.68,0.03,4,0.66,0.05
248,45,Wang et al.,2018,pig,Bama,Sus scrofa,IGF2,gene_editing,NA,body_weight,F1,45,6,5.82,0.27,5,5.29,0.17
249,45,Wang et al.,2018,pig,Bama,Sus scrofa,IGF2,gene_editing,NA,body_weight,F1,45,8,6.59,0.2,4,5.64,0.18
250,45,Wang et al.,2018,pig,Bama,Sus scrofa,IGF2,gene_editing,NA,body_weight,F1,150,6,35.39,3.03,5,27.58,1.18
251,45,Wang et al.,2018,pig,Bama,Sus scrofa,IGF2,gene_editing,NA,body_weight,F1,150,8,38.87,0.9,4,30.27,2.9
252,45,Wang et al.,2018,pig,Bama,Sus scrofa,IGF2,gene_editing,NA,SGR,F1,150,6,0.28,0.03,5,0.21,0.01
253,45,Wang et al.,2018,pig,Bama,Sus scrofa,IGF2,gene_editing,NA,SGR,F1,150,8,0.31,0.01,4,0.24,0.03
254,45,Wang et al.,2018,pig,Bama,Sus scrofa,IGF2,gene_editing,NA,FCE,F1,150,6,29.23,2.3,5,28.82,1.3
255,45,Wang et al.,2018,pig,Bama,Sus scrofa,IGF2,gene_editing,NA,FCE,F1,150,8,31.45,1.1,4,28.25,1.6
256,45,Wang et al.,2018,pig,Bama,Sus scrofa,IGF2,gene_editing,NA,myofiber_number,F1,180,3,49.655,2.452,2,67.433,7.356
257,46,Kishimoto et al.,2018,fish,red sea bream,Pagrus major,mstn,gene_editing,NA,condition_factor,F1,559,4,41.6,6.9,5,25.9,1.3
258,46,Kishimoto et al.,2018,fish,red sea bream,Pagrus major,mstn,gene_editing,NA,condition_factor,F1,559,3,26,1.4,5,25.9,1.3
259,46,Kishimoto et al.,2018,fish,red sea bream,Pagrus major,mstn,gene_editing,NA,body_weight,F1,559,4,770.5,78.5,5,859.1,163.2
260,46,Kishimoto et al.,2018,fish,red sea bream,Pagrus major,mstn,gene_editing,NA,body_weight,F1,559,3,771.9,90.4,5,859.1,163.2
261,46,Kishimoto et al.,2018,fish,red sea bream,Pagrus major,mstn,gene_editing,NA,myofiber_size,F1,449,7,235.79,35.64,7,203.03,17.42
262,47,He et al.,2018,goat,Yangtze River Delta white,Capra hircus,mstn,gene_editing,NA,body_weight,P1,0,6,3.25,0.94,12,3.36,0.48
263,47,He et al.,2018,goat,Yangtze River Delta white,Capra hircus,mstn,gene_editing,NA,body_weight,P1,20,6,7.09,1.3,12,7.6,1.25
264,47,He et al.,2018,goat,Yangtze River Delta white,Capra hircus,mstn,gene_editing,NA,body_weight,P1,36,6,9.63,2.06,12,10.46,1.07
265,47,He et al.,2018,goat,Yangtze River Delta white,Capra hircus,mstn,gene_editing,NA,body_weight,P1,60,6,13.07,2.22,12,13.69,1.65
266,47,He et al.,2018,goat,Yangtze River Delta white,Capra hircus,mstn,gene_editing,NA,body_weight,P1,90,6,17.32,2.62,12,15.17,2.35
267,47,He et al.,2018,goat,Yangtze River Delta white,Capra hircus,mstn,gene_editing,NA,body_weight,P1,120,6,20.31,3.48,12,17.35,1.91
268,47,He et al.,2018,goat,Yangtze River Delta white,Capra hircus,mstn,gene_editing,NA,body_weight,P1,210,6,31.21,4.09,12,25.09,2.33
269,47,He et al.,2018,goat,Yangtze River Delta white,Capra hircus,mstn,gene_editing,NA,myofiber_size,P1,210,6,980,23,12,719.76,12
271,48,Wang et al.,2018,goat,Cashmere,Capra hircus,mstn,gene_editing,NA,body_weight,P1,0,10,3.383,0,20,2.707,0
272,48,Wang et al.,2018,goat,Cashmere,Capra hircus,mstn,gene_editing,NA,body_weight,P1,30,10,8.571,2.03,20,6.09,0
273,48,Wang et al.,2018,goat,Cashmere,Capra hircus,mstn,gene_editing,NA,body_weight,P1,60,10,13.083,4.511,20,8.12,1.805
274,48,Wang et al.,2018,goat,Cashmere,Capra hircus,mstn,gene_editing,NA,body_weight,P1,90,10,17.594,4.962,20,12.406,2.481
275,48,Wang et al.,2018,goat,Cashmere,Capra hircus,mstn,gene_editing,NA,body_weight,P1,120,10,24.812,7.218,20,17.82,3.158
276,48,Wang et al.,2018,goat,Cashmere,Capra hircus,mstn,gene_editing,NA,body_weight,P1,150,10,28.195,6.992,20,19.173,4.511
277,48,Wang et al.,2018,goat,Cashmere,Capra hircus,mstn,gene_editing,NA,body_weight,P1,180,10,31.353,5.865,20,24.361,2.707
278,48,Wang et al.,2018,goat,Cashmere,Capra hircus,mstn,gene_editing,NA,body_weight,P1,210,10,35.865,4.962,20,27.97,2.707
279,48,Wang et al.,2018,goat,Cashmere,Capra hircus,mstn,gene_editing,NA,body_weight,P1,240,10,41.729,5.188,20,29.774,2.932
280,48,Wang et al.,2018,goat,Cashmere,Capra hircus,mstn,gene_editing,NA,body_weight,P1,270,10,45.113,6.767,20,33.383,3.609
281,48,Wang et al.,2018,goat,Cashmere,Capra hircus,mstn,gene_editing,NA,body_weight,P1,300,10,48.271,5.188,20,35.188,3.158
282,48,Wang et al.,2018,goat,Cashmere,Capra hircus,mstn,gene_editing,NA,body_weight,P1,330,10,54.135,6.767,20,36.09,4.06
283,48,Wang et al.,2018,goat,Cashmere,Capra hircus,mstn,gene_editing,NA,body_weight,P1,360,10,56.842,6.541,20,40.602,5.414
284,48,Wang et al.,2018,goat,Cashmere,Capra hircus,mstn,gene_editing,NA,SGR,P1,360,10,108.125,11.875,20,45.625,5
286,49,Buwono et al.,2019,fish,mutiara catfish,Clarias gariepinus,cgGH,transgenesis,?-actin,body_weight,F1,65,3,53.398,10.41,3,16.771,5.205
287,49,Buwono et al.,2019,fish,mutiara catfish,Clarias gariepinus,cgGH,transgenesis,?-actin,body_weight,F1,65,3,62.843,6.554,3,16.771,5.205
288,49,Buwono et al.,2019,fish,mutiara catfish,Clarias gariepinus,cgGH,transgenesis,?-actin,FCE,F1,65,3,130.719,19.608,3,70.872,6.494
289,49,Buwono et al.,2019,fish,mutiara catfish,Clarias gariepinus,cgGH,transgenesis,?-actin,FCE,F1,65,3,116.959,29.412,3,70.872,6.494
290,49,Buwono et al.,2019,fish,mutiara catfish,Clarias gariepinus,cgGH,transgenesis,?-actin,FCE,F1,65,3,115.207,33.333,3,70.872,6.494
291,50,Liu et al.,2019,pig,Liang Guang Small Spotted ,Sus scrofa,IGF2,gene_editing,NA,body_weight,P1,175,1,44.384,0,45,37.808,1.151
292,50,Liu et al.,2019,pig,Liang Guang Small Spotted ,Sus scrofa,IGF2,gene_editing,NA,body_weight,P1,338,1,86.294,0,7,53.735,4.765
293,51,Kim et al.,2019,fish,olive flounder,Paralichthys olivaceus,mstn,gene_editing,NA,body_weight,P1,159,3,77.419,0,3,64.516,10.753
294,51,Kim et al.,2019,fish,olive flounder,Paralichthys olivaceus,mstn,gene_editing,NA,body_weight,P1,188,3,115.054,10.753,3,106.452,22.581
295,51,Kim et al.,2019,fish,olive flounder,Paralichthys olivaceus,mstn,gene_editing,NA,body_weight,P1,226,3,205.376,43.011,3,189.247,11.828
296,51,Kim et al.,2019,fish,olive flounder,Paralichthys olivaceus,mstn,gene_editing,NA,body_weight,P1,251,3,286.022,69.892,3,250.538,26.882
297,51,Kim et al.,2019,fish,olive flounder,Paralichthys olivaceus,mstn,gene_editing,NA,condition_factor,P1,159,3,12.861,0.567,3,11.331,0.623
298,51,Kim et al.,2019,fish,olive flounder,Paralichthys olivaceus,mstn,gene_editing,NA,condition_factor,P1,188,3,13.314,0,3,11.501,1.02
299,51,Kim et al.,2019,fish,olive flounder,Paralichthys olivaceus,mstn,gene_editing,NA,condition_factor,P1,226,3,13.938,0.51,3,11.218,0
300,51,Kim et al.,2019,fish,olive flounder,Paralichthys olivaceus,mstn,gene_editing,NA,condition_factor,P1,251,3,13.994,0.51,3,10.935,0
301,52,Yin et al.,2019,pig,Chinese Experimental Mini,Sus scrofa,mc3r,gene_editing,NA,body_weight,F1,114,6,57.358,3.27,6,50.818,3.019
302,53,Zhang et al.,2019,rabbit,New Zealand,Oryctolagus cuniculus,mstn,gene_editing,NA,body_weight,P1,63,5,489.796,0,5,306.122,183.673
303,53,Zhang et al.,2019,rabbit,New Zealand,Oryctolagus cuniculus,mstn,gene_editing,NA,body_weight,P1,63,3,326.633,150.754,5,326.633,138.191
304,53,Zhang et al.,2019,rabbit,New Zealand,Oryctolagus cuniculus,mstn,gene_editing,NA,body_weight,P1,70,5,887.755,0,5,596.939,122.449
305,53,Zhang et al.,2019,rabbit,New Zealand,Oryctolagus cuniculus,mstn,gene_editing,NA,body_weight,P1,70,3,690.955,175.879,5,628.141,125.628
306,53,Zhang et al.,2019,rabbit,New Zealand,Oryctolagus cuniculus,mstn,gene_editing,NA,body_weight,P1,77,5,1178.571,0,5,795.918,168.367
307,53,Zhang et al.,2019,rabbit,New Zealand,Oryctolagus cuniculus,mstn,gene_editing,NA,body_weight,P1,77,3,1067.839,175.879,5,904.523,125.628
308,53,Zhang et al.,2019,rabbit,New Zealand,Oryctolagus cuniculus,mstn,gene_editing,NA,body_weight,P1,84,5,1637.755,61.224,5,1163.265,137.755
309,53,Zhang et al.,2019,rabbit,New Zealand,Oryctolagus cuniculus,mstn,gene_editing,NA,body_weight,P1,84,3,1469.849,138.191,5,1130.653,175.879
310,53,Zhang et al.,2019,rabbit,New Zealand,Oryctolagus cuniculus,mstn,gene_editing,NA,body_weight,P1,91,5,2020.408,0,5,1392.857,244.898
311,53,Zhang et al.,2019,rabbit,New Zealand,Oryctolagus cuniculus,mstn,gene_editing,NA,body_weight,P1,91,3,1884.422,188.442,5,1369.347,138.191
312,53,Zhang et al.,2019,rabbit,New Zealand,Oryctolagus cuniculus,mstn,gene_editing,NA,body_weight,P1,98,5,2318.4,183.15,5,1966.2,225.56
313,53,Zhang et al.,2019,rabbit,New Zealand,Oryctolagus cuniculus,mstn,gene_editing,NA,body_weight,P1,98,3,2579.33,67.99,5,2063.33,186.47
314,53,Zhang et al.,2019,rabbit,New Zealand,Oryctolagus cuniculus,mstn,gene_editing,NA,myofiber_size,P1,180,5,3512.2,439.17,5,1274.76,327.3
315,53,Zhang et al.,2019,rabbit,New Zealand,Oryctolagus cuniculus,mstn,gene_editing,NA,myofiber_size,P1,180,5,2610.37,604.44,5,1274.76,327.3
316,53,Zhang et al.,2019,rabbit,New Zealand,Oryctolagus cuniculus,mstn,gene_editing,NA,myofiber_size,P1,180,5,2109.22,206.75,5,989.39,239.27
317,53,Zhang et al.,2019,rabbit,New Zealand,Oryctolagus cuniculus,mstn,gene_editing,NA,myofiber_size,P1,180,5,1677.24,247.5,5,989.39,239.27
318,54,Ohama et al.,2020,fish,red sea bream,Pagrus major,mstn,gene_editing,NA,body_weight,F1,134,51,42.7,7.6,51,41.1,10.3
319,54,Ohama et al.,2020,fish,red sea bream,Pagrus major,mstn,gene_editing,NA,body_weight,F1,190,49,94.7,12.2,50,86.2,15.8
320,54,Ohama et al.,2020,fish,red sea bream,Pagrus major,mstn,gene_editing,NA,condition_factor,F1,134,51,48.3,3.9,51,42.4,2.5
321,54,Ohama et al.,2020,fish,red sea bream,Pagrus major,mstn,gene_editing,NA,condition_factor,F1,190,49,50.1,5.3,50,41.9,3.2
322,54,Ohama et al.,2020,fish,red sea bream,Pagrus major,mstn,gene_editing,NA,SGR,F1,56,3,1.43,0.03,3,1.31,0.04
323,54,Ohama et al.,2020,fish,red sea bream,Pagrus major,mstn,gene_editing,NA,weight_gain,F1,56,3,122.3,4.3,3,108.4,4.8
324,54,Ohama et al.,2020,fish,red sea bream,Pagrus major,mstn,gene_editing,NA,FCE,F1,56,3,89.9,2.2,3,84.4,0.4
325,55,Gaffney et al.,2020,fish,coho salmon,Oncorhynchus kisutch,csGH,transgenesis,OnMT,SGR,F1,120,30,1.575,0.37,30,1.373,0.707
326,55,Gaffney et al.,2020,fish,coho salmon,Oncorhynchus kisutch,csGH,transgenesis,OnMT,body_weight,F1,270,30,205.7,80.6,30,111.2,49.3
327,56,Sun et al.,2020,fish,blunt snout bream,Megalobrama amblycephala,mstn,gene_editing,NA,myofiber_size,P1,180,3,1.64,0.85,3,1.31,0.71
328,56,Sun et al.,2020,fish,blunt snout bream,Megalobrama amblycephala,mstn,gene_editing,NA,myofiber_size,P1,180,3,1.67,0.9,3,1.31,0.71
329,56,Sun et al.,2020,fish,blunt snout bream,Megalobrama amblycephala,mstn,gene_editing,NA,body_weight,P1,180,30,135.25,3.15,30,125.25,2.64
330,56,Sun et al.,2020,fish,blunt snout bream,Megalobrama amblycephala,mstn,gene_editing,NA,body_weight,P1,180,30,133.75,2.35,30,125.25,2.64
331,57,Lee et al.,2020,bird,Japanese quail,Coturnix japonica,mstn,gene_editing,NA,body_weight,P1,0,11,5.882,0.35,11,6.863,0
332,57,Lee et al.,2020,bird,Japanese quail,Coturnix japonica,mstn,gene_editing,NA,body_weight,P1,7,11,24.02,1.26,11,21.078,0
333,57,Lee et al.,2020,bird,Japanese quail,Coturnix japonica,mstn,gene_editing,NA,body_weight,P1,14,11,42.647,3.431,11,43.137,0
334,57,Lee et al.,2020,bird,Japanese quail,Coturnix japonica,mstn,gene_editing,NA,body_weight,P1,21,11,71.569,2.451,11,63.235,0
335,57,Lee et al.,2020,bird,Japanese quail,Coturnix japonica,mstn,gene_editing,NA,body_weight,P1,28,11,92.157,4.412,11,83.824,0
336,57,Lee et al.,2020,bird,Japanese quail,Coturnix japonica,mstn,gene_editing,NA,body_weight,P1,35,11,112.745,1.961,11,99.02,0
337,57,Lee et al.,2020,bird,Japanese quail,Coturnix japonica,mstn,gene_editing,NA,body_weight,P1,42,11,132.843,4.412,11,116.176,0
338,57,Lee et al.,2020,bird,Japanese quail,Coturnix japonica,mstn,gene_editing,NA,body_weight,P1,7,10,6.667,12.3,10,5.714,0
339,57,Lee et al.,2020,bird,Japanese quail,Coturnix japonica,mstn,gene_editing,NA,body_weight,P1,14,10,23.333,1.6,10,20,0
340,57,Lee et al.,2020,bird,Japanese quail,Coturnix japonica,mstn,gene_editing,NA,body_weight,P1,21,10,41.905,4.31,10,38.571,0
341,57,Lee et al.,2020,bird,Japanese quail,Coturnix japonica,mstn,gene_editing,NA,body_weight,P1,28,10,64.762,2.381,10,58.095,0
342,57,Lee et al.,2020,bird,Japanese quail,Coturnix japonica,mstn,gene_editing,NA,body_weight,P1,35,10,86.667,3.333,10,77.619,0
343,57,Lee et al.,2020,bird,Japanese quail,Coturnix japonica,mstn,gene_editing,NA,body_weight,P1,42,10,105.714,10.21,10,91.905,0
344,57,Lee et al.,2020,bird,Japanese quail,Coturnix japonica,mstn,gene_editing,NA,body_weight,P1,49,10,112.857,11.2,10,99.048,0
345,57,Lee et al.,2020,bird,Japanese quail,Coturnix japonica,mstn,gene_editing,NA,body_weight,P1,56,10,120,10.3,10,101.905,0
346,57,Lee et al.,2020,bird,Japanese quail,Coturnix japonica,mstn,gene_editing,NA,myofiber_size,P1,84,5,645.059,66.403,5,619.763,44.269
347,57,Lee et al.,2020,bird,Japanese quail,Coturnix japonica,mstn,gene_editing,NA,myofiber_size,P1,84,5,578.656,47.431,5,619.763,44.269
348,57,Lee et al.,2020,bird,Japanese quail,Coturnix japonica,mstn,gene_editing,NA,myofiber_size,P1,84,5,2220,132,5,2304,96
349,57,Lee et al.,2020,bird,Japanese quail,Coturnix japonica,mstn,gene_editing,NA,myofiber_size,P1,84,5,1956,108,5,2304,96
350,57,Lee et al.,2020,bird,Japanese quail,Coturnix japonica,mstn,gene_editing,NA,myofiber_number,P1,84,5,390.323,35.484,5,380.645,32.258
351,57,Lee et al.,2020,bird,Japanese quail,Coturnix japonica,mstn,gene_editing,NA,myofiber_number,P1,84,5,564.516,41.935,5,380.645,32.258
352,57,Lee et al.,2020,bird,Japanese quail,Coturnix japonica,mstn,gene_editing,NA,myofiber_number,P1,84,5,5.574,0.41,5,5.328,0.205
353,57,Lee et al.,2020,bird,Japanese quail,Coturnix japonica,mstn,gene_editing,NA,myofiber_number,P1,84,5,8.033,0.41,5,5.328,0.205
354,58,Li et al.,2020,pig,Duroc Meishan,Sus scrofa,mstn,gene_editing,NA,body_weight,F1,210,13,101.25,10.98,8,102.29,14.3
355,58,Li et al.,2020,pig,Duroc Meishan,Sus scrofa,mstn,gene_editing,NA,body_weight,F1,210,15,99.65,7.4,7,103.57,11.1
356,58,Li et al.,2020,pig,Duroc Meishan,Sus scrofa,mstn,gene_editing,NA,SGR,F1,210,13,647.96,23.6,8,655.11,45.4
357,58,Li et al.,2020,pig,Duroc Meishan,Sus scrofa,mstn,gene_editing,NA,SGR,F1,210,15,643.27,29.4,7,674.41,42.7
358,59,Kim et al.,2020,chicken,White Leghorn,Gallus gallus,mstn,gene_editing,NA,body_weight,F1,84,14,1183.007,55.556,16,1205.882,42.484
359,59,Kim et al.,2020,chicken,White Leghorn,Gallus gallus,mstn,gene_editing,NA,body_weight,F1,91,14,1333.333,62.092,16,1307.19,68.627
360,59,Kim et al.,2020,chicken,White Leghorn,Gallus gallus,mstn,gene_editing,NA,body_weight,F1,98,14,1437.908,65.359,16,1388.889,81.699
361,59,Kim et al.,2020,chicken,White Leghorn,Gallus gallus,mstn,gene_editing,NA,body_weight,F1,105,14,1558.824,71.895,16,1500,75.163
362,59,Kim et al.,2020,chicken,White Leghorn,Gallus gallus,mstn,gene_editing,NA,body_weight,F1,112,14,1643.791,71.895,16,1555.556,71.895
363,59,Kim et al.,2020,chicken,White Leghorn,Gallus gallus,mstn,gene_editing,NA,body_weight,F1,119,14,1728.758,58.824,16,1630.719,84.967
364,59,Kim et al.,2020,chicken,White Leghorn,Gallus gallus,mstn,gene_editing,NA,body_weight,F1,126,14,1816.993,75.163,16,1669.935,88.235
365,59,Kim et al.,2020,chicken,White Leghorn,Gallus gallus,mstn,gene_editing,NA,SGR,F1,28,12,6.375,0.438,12,6.5,0.281
366,59,Kim et al.,2020,chicken,White Leghorn,Gallus gallus,mstn,gene_editing,NA,SGR,F1,35,12,8,0.406,12,7.938,0.406
367,59,Kim et al.,2020,chicken,White Leghorn,Gallus gallus,mstn,gene_editing,NA,SGR,F1,42,12,9.25,0.531,12,9.188,0.5
368,59,Kim et al.,2020,chicken,White Leghorn,Gallus gallus,mstn,gene_editing,NA,SGR,F1,49,12,10.594,0.656,12,10.219,0.375
369,59,Kim et al.,2020,chicken,White Leghorn,Gallus gallus,mstn,gene_editing,NA,SGR,F1,56,12,11.688,0.5,12,11.625,0.406
370,59,Kim et al.,2020,chicken,White Leghorn,Gallus gallus,mstn,gene_editing,NA,SGR,F1,63,12,12.25,0.625,12,12.156,0.562
371,59,Kim et al.,2020,chicken,White Leghorn,Gallus gallus,mstn,gene_editing,NA,SGR,F1,70,12,13.062,0.406,12,12.844,0.625
372,59,Kim et al.,2020,chicken,White Leghorn,Gallus gallus,mstn,gene_editing,NA,SGR,F1,77,12,13.156,0.281,12,12.906,0.594
373,59,Kim et al.,2020,chicken,White Leghorn,Gallus gallus,mstn,gene_editing,NA,SGR,F1,84,12,13.625,0.844,12,13.844,0.562
374,59,Kim et al.,2020,chicken,White Leghorn,Gallus gallus,mstn,gene_editing,NA,SGR,F1,91,12,14.219,0.688,12,13.969,0.688
375,59,Kim et al.,2020,chicken,White Leghorn,Gallus gallus,mstn,gene_editing,NA,SGR,F1,98,12,14.25,0.594,12,13.719,0.781
376,59,Kim et al.,2020,chicken,White Leghorn,Gallus gallus,mstn,gene_editing,NA,SGR,F1,105,12,14.438,0.656,12,13.719,0.656
377,59,Kim et al.,2020,chicken,White Leghorn,Gallus gallus,mstn,gene_editing,NA,SGR,F1,112,12,14.406,0.594,12,13.469,0.625
378,59,Kim et al.,2020,chicken,White Leghorn,Gallus gallus,mstn,gene_editing,NA,SGR,F1,119,12,14.062,0.562,12,13.344,0.781
379,59,Kim et al.,2020,chicken,White Leghorn,Gallus gallus,mstn,gene_editing,NA,SGR,F1,126,12,14.062,0.594,12,12.875,0.688
380,59,Kim et al.,2020,chicken,White Leghorn,Gallus gallus,mstn,gene_editing,NA,myofiber_size,F1,126,12,197.248,9.939,12,107.798,5.352
381,59,Kim et al.,2020,chicken,White Leghorn,Gallus gallus,mstn,gene_editing,NA,myofiber_size,F1,126,12,87.329,8.562,12,63.356,3.425
382,59,Kim et al.,2020,chicken,White Leghorn,Gallus gallus,mstn,gene_editing,NA,myofiber_number,F1,126,12,55.706,2.733,12,32.162,2.733
383,59,Kim et al.,2020,chicken,White Leghorn,Gallus gallus,mstn,gene_editing,NA,myofiber_number,F1,126,12,24.878,3.201,12,23.963,2.287
384,60,Zhang et al.,2020,fish,yellow catfish,Pelteobagrus fulvidraco,mstn,gene_editing,NA,body_weight,F1,80,34,16.48,3.4,14,14.26,3.23
385,60,Zhang et al.,2020,fish,yellow catfish,Pelteobagrus fulvidraco,mstn,gene_editing,NA,body_weight,F1,80,18,18.28,5.54,14,14.26,3.23
386,60,Zhang et al.,2020,fish,yellow catfish,Pelteobagrus fulvidraco,mstn,gene_editing,NA,body_weight,F1,80,28,8.87,1.79,15,7.42,1.75
387,60,Zhang et al.,2020,fish,yellow catfish,Pelteobagrus fulvidraco,mstn,gene_editing,NA,body_weight,F1,80,19,9.46,1.57,15,7.42,1.75
388,60,Zhang et al.,2020,fish,yellow catfish,Pelteobagrus fulvidraco,mstn,gene_editing,NA,body_weight,F1,210,17,84.94,18.27,19,62.14,14.71
389,60,Zhang et al.,2020,fish,yellow catfish,Pelteobagrus fulvidraco,mstn,gene_editing,NA,body_weight,F1,210,52,69.06,18.47,19,62.14,14.71
390,60,Zhang et al.,2020,fish,yellow catfish,Pelteobagrus fulvidraco,mstn,gene_editing,NA,body_weight,F1,210,24,26.15,4.53,22,23.37,4.38
391,60,Zhang et al.,2020,fish,yellow catfish,Pelteobagrus fulvidraco,mstn,gene_editing,NA,body_weight,F1,210,46,24.92,5.4,22,23.37,4.38
392,60,Zhang et al.,2020,fish,yellow catfish,Pelteobagrus fulvidraco,mstn,gene_editing,NA,myofiber_size,F1,80,3,19.01,1.423,3,17.11,0.472
393,60,Zhang et al.,2020,fish,yellow catfish,Pelteobagrus fulvidraco,mstn,gene_editing,NA,myofiber_size,F1,80,3,17.73,0.993,3,15.61,1.219
394,60,Zhang et al.,2020,fish,yellow catfish,Pelteobagrus fulvidraco,mstn,gene_editing,NA,myofiber_size,F1,80,3,19.95,0.678,3,17.2,1.077
395,60,Zhang et al.,2020,fish,yellow catfish,Pelteobagrus fulvidraco,mstn,gene_editing,NA,myofiber_number,F1,80,3,928.3,162,3,610.3,17.24
396,60,Zhang et al.,2020,fish,yellow catfish,Pelteobagrus fulvidraco,mstn,gene_editing,NA,myofiber_number,F1,80,3,4105,344.9,3,2422,415.1
397,60,Zhang et al.,2020,fish,yellow catfish,Pelteobagrus fulvidraco,mstn,gene_editing,NA,myofiber_number,F1,80,3,3332,796.3,3,2119,179.3
398,61,Tao et al.,2021,fish,Pond loach,Misgurnus anguillicaudatus,mstn,gene_editing,NA,body_weight,P1,30,50,0.026,0.001,50,0.02,0.001
399,61,Tao et al.,2021,fish,Pond loach,Misgurnus anguillicaudatus,mstn,gene_editing,NA,body_weight,P1,60,50,0.134,0.006,50,0.116,0.005
400,61,Tao et al.,2021,fish,Pond loach,Misgurnus anguillicaudatus,mstn,gene_editing,NA,body_weight,P1,90,50,0.387,0.025,50,0.303,0.021
401,61,Tao et al.,2021,fish,Pond loach,Misgurnus anguillicaudatus,mstn,gene_editing,NA,myofiber_number,P1,90,5,472.8,33.52,5,368,26.15
402,61,Tao et al.,2021,fish,Pond loach,Misgurnus anguillicaudatus,mstn,gene_editing,NA,myofiber_size,P1,90,5,319.6,22.73,5,301.8,13.08
403,61,Tao et al.,2021,fish,Pond loach,Misgurnus anguillicaudatus,mstn,gene_editing,NA,myofiber_size,P1,90,5,148822,7362,5,111143,9640
404,62,Abass et al.,2021,fish,channel catfish,Ictalurus punctatus,ccGH,transgenesis,opAFP,body_weight,F1,112,14,8.86,3.2,56,6.3,1.75
405,62,Abass et al.,2021,fish,channel catfish,Ictalurus punctatus,ccGH,transgenesis,opAFP,body_weight,F1,112,10,12.45,4.51,60,7.71,3.24
406,62,Abass et al.,2021,fish,channel catfish,Ictalurus punctatus,ccGH,transgenesis,opAFP,body_weight,F1,112,22,8.77,1.39,74,5.45,1.55
407,62,Abass et al.,2021,fish,channel catfish,Ictalurus punctatus,ccGH,transgenesis,rtMT,body_weight,F1,112,7,7.79,4.03,63,4.37,1.75
408,62,Abass et al.,2021,fish,channel catfish,Ictalurus punctatus,ccGH,transgenesis,rtMT,body_weight,F1,112,34,10.94,3.49,60,8.09,2.41
409,62,Abass et al.,2021,fish,channel catfish,Ictalurus punctatus,ccGH,transgenesis,rtMT,body_weight,F1,112,16,9.63,3.4,54,7.81,2.33
410,62,Abass et al.,2021,fish,channel catfish,Ictalurus punctatus,ccGH,transgenesis,opAFP,condition_factor,F1,112,35,0.825,0.177,35,0.729,0.137
411,62,Abass et al.,2021,fish,channel catfish,Ictalurus punctatus,ccGH,transgenesis,opAFP,condition_factor,F1,112,35,0.628,0.046,35,0.689,0.142
412,62,Abass et al.,2021,fish,channel catfish,Ictalurus punctatus,ccGH,transgenesis,opAFP,condition_factor,F1,112,48,0.562,0.187,48,0.668,0.041
413,62,Abass et al.,2021,fish,channel catfish,Ictalurus punctatus,ccGH,transgenesis,rtMT,condition_factor,F1,112,35,0.759,0.046,35,0.729,0.081
414,62,Abass et al.,2021,fish,channel catfish,Ictalurus punctatus,ccGH,transgenesis,rtMT,condition_factor,F1,112,47,0.734,0.076,47,0.775,0.233
415,62,Abass et al.,2021,fish,channel catfish,Ictalurus punctatus,ccGH,transgenesis,rtMT,condition_factor,F1,112,35,0.744,0.046,35,0.749,0.101
416,62,Abass et al.,2021,fish,channel catfish,Ictalurus punctatus,ccGH,transgenesis,opAFP,body_weight,F1,480,50,713,360.7,120,473.8,237.3
417,62,Abass et al.,2021,fish,channel catfish,Ictalurus punctatus,ccGH,transgenesis,rtMT,body_weight,F1,480,41,680.5,251,120,473.8,237.3
418,62,Abass et al.,2021,fish,channel catfish,Ictalurus punctatus,ccGH,transgenesis,opAFP,body_weight,F1,1440,24,1876.3,827.5,103,726.6,395.2
419,62,Abass et al.,2021,fish,channel catfish,Ictalurus punctatus,ccGH,transgenesis,rtMT,body_weight,F1,1440,30,2173.3,588,103,726.6,395.2
420,62,Abass et al.,2021,fish,channel catfish,Ictalurus punctatus,ccGH,transgenesis,opAFP,weight_gain,F1,960,24,164.8,80.8,103,67.4,56
421,62,Abass et al.,2021,fish,channel catfish,Ictalurus punctatus,ccGH,transgenesis,rtMT,weight_gain,F1,960,30,221,94.6,103,67.4,56
424,63,Buwono et al.,2021,fish,mutiara catfish,Clarias gariepinus,cgGH,transgenesis,CMV,weight_gain,F1,72,45,80.5,5.6,15,34.3,0
425,63,Buwono et al.,2021,fish,mutiara catfish,Clarias gariepinus,cgGH,transgenesis,CMV,FCE,F1,72,45,112.867,3.8,15,74.46,0
427,63,Buwono et al.,2021,fish,mutiara catfish,Clarias gariepinus,cgGH,transgenesis,CMV,FCE,F1,72,45,101.626,6.5,15,74.46,0
428,64,Mankiewicz et al.,2022,fish,rainbow trout,Oncorhynchus mykiss,LepR,gene_editing,NA,body_weight,P1,21,16,219.16,9.11,18,205.69,6.51
429,64,Mankiewicz et al.,2022,fish,rainbow trout,Oncorhynchus mykiss,LepR,gene_editing,NA,body_weight,P1,42,15,306.41,16.1,15,267.17,13.76
430,64,Mankiewicz et al.,2022,fish,rainbow trout,Oncorhynchus mykiss,LepR,gene_editing,NA,SGR,P1,21,3,2.27,0.05,3,1.94,0.14
431,64,Mankiewicz et al.,2022,fish,rainbow trout,Oncorhynchus mykiss,LepR,gene_editing,NA,SGR,P1,42,3,1.57,0.02,3,1.31,0.02
432,64,Mankiewicz et al.,2022,fish,rainbow trout,Oncorhynchus mykiss,LepR,gene_editing,NA,condition_factor,P1,21,3,1.57,0.04,3,1.48,0.01
433,64,Mankiewicz et al.,2022,fish,rainbow trout,Oncorhynchus mykiss,LepR,gene_editing,NA,condition_factor,P1,42,3,1.6,0.03,3,1.44,0.03
434,64,Mankiewicz et al.,2022,fish,rainbow trout,Oncorhynchus mykiss,LepR,gene_editing,NA,FCE,P1,21,3,125.156,2.3,3,125.156,2.5
435,64,Mankiewicz et al.,2022,fish,rainbow trout,Oncorhynchus mykiss,LepR,gene_editing,NA,FCE,P1,42,3,107.066,2.8,3,99.99,1.4
436,65,Coogan et al.,2022,fish,channel catfish,Ictalurus punctatus,mc4r,gene_editing,NA,body_weight,P1,360,2,55.8,13.8,27,46.9,23.5
437,65,Coogan et al.,2022,fish,channel catfish,Ictalurus punctatus,mc4r,gene_editing,NA,body_weight,P1,540,6,616.7,281.5,29,417.6,217.5
438,65,Coogan et al.,2022,fish,channel catfish,Ictalurus punctatus,mc4r,gene_editing,NA,body_weight,P1,810,5,1044,346.8,16,917.5,212.8
439,65,Coogan et al.,2022,fish,channel catfish,Ictalurus punctatus,mc4r,gene_editing,NA,body_weight,P1,990,6,1600,629.3,15,1412,368.9
440,65,Coogan et al.,2022,fish,channel catfish,Ictalurus punctatus,mc4r,gene_editing,NA,body_weight,P1,1080,5,2120,556.1,8,1820,305.8
441,65,Coogan et al.,2022,fish,channel catfish,Ictalurus punctatus,mc4r,gene_editing,NA,body_weight,F1,180,21,17.8,5.4,20,16.6,4.4
442,65,Coogan et al.,2022,fish,channel catfish,Ictalurus punctatus,mc4r,gene_editing,NA,body_weight,F1,360,18,35.9,9.5,18,32.7,7.3
443,65,Coogan et al.,2022,fish,channel catfish,Ictalurus punctatus,mc4r,gene_editing,NA,body_weight,F1,450,6,194,35.5,7,204.1,37.8
444,65,Coogan et al.,2022,fish,channel catfish,Ictalurus punctatus,mc4r,gene_editing,NA,body_weight,F1,630,8,572.5,154.2,12,578.3,149.8
445,65,Coogan et al.,2022,fish,channel catfish,Ictalurus punctatus,mc4r,gene_editing,NA,body_weight,F1,720,5,822,182.3,7,754.3,114.1
446,65,Coogan et al.,2022,fish,channel catfish,Ictalurus punctatus,mc4r,gene_editing,NA,body_weight,F1,840,7,1322.9,364.3,10,1044,304.9
447,65,Coogan et al.,2022,fish,channel catfish,Ictalurus punctatus,mc4r,gene_editing,NA,body_weight,F1,360,112,37.6,10.1,109,28.8,22.7
448,65,Coogan et al.,2022,fish,channel catfish,Ictalurus punctatus,mc4r,gene_editing,NA,body_weight,F1,540,41,55.4,21.2,38,39.7,26.8
449,66,Du et al.,2022,sheep,Ningxia Tianyuan,Ovis aries,mstn,gene_editing,NA,body_weight,P1,540,8,70.51,3.25,8,60.15,1.73
450,66,Du et al.,2022,sheep,Ningxia Tianyuan,Ovis aries,mstn,gene_editing,NA,body_weight,P1,540,8,39.25,1.04,8,30.02,2.15
451,67,Shahi et al.,2022,fish,common carp,Cyprinus carpio,mstn,gene_editing,NA,body_weight,P1,90,12,480.7,52.6,12,382.3,55.7
452,67,Shahi et al.,2022,fish,common carp,Cyprinus carpio,mstn,gene_editing,NA,body_weight,P1,6,12,38.9,2.9,12,38.5,3.4
453,67,Shahi et al.,2022,fish,common carp,Cyprinus carpio,mstn,gene_editing,NA,body_weight,P1,24,12,110.7,23.7,12,69.5,11.4
456,67,Shahi et al.,2022,fish,common carp,Cyprinus carpio,mstn,gene_editing,NA,myofiber_size,P1,90,5,49.5,2.1,5,28.7,3.6
457,68,Coogan et al.,2022,fish,channel catfish,Ictalurus punctatus,mstn,gene_editing,NA,body_weight,P1,360,8,58.26,24.71,29,46.9,23.45
458,68,Coogan et al.,2022,fish,channel catfish,Ictalurus punctatus,mstn,gene_editing,NA,body_weight,P1,540,8,600,169.79,29,417.59,217.48
459,68,Coogan et al.,2022,fish,channel catfish,Ictalurus punctatus,mstn,gene_editing,NA,body_weight,P1,720,3,1166.67,299.56,16,917.5,212.78
460,68,Coogan et al.,2022,fish,channel catfish,Ictalurus punctatus,mstn,gene_editing,NA,body_weight,P1,930,5,1770,177.2,15,1412,368.9
461,68,Coogan et al.,2022,fish,channel catfish,Ictalurus punctatus,mstn,gene_editing,NA,body_weight,P1,1080,5,1996,473.79,8,1820,305.75
462,68,Coogan et al.,2022,fish,channel catfish,Ictalurus punctatus,mstn,gene_editing,NA,body_weight,P1,180,104,17.26,6.35,22,13.23,3.47
463,68,Coogan et al.,2022,fish,channel catfish,Ictalurus punctatus,mstn,gene_editing,NA,body_weight,P1,360,104,123.53,59.07,22,118.27,42.13
464,68,Coogan et al.,2022,fish,channel catfish,Ictalurus punctatus,mstn,gene_editing,NA,body_weight,P1,540,97,457.76,183,20,451.1,156.23
465,68,Coogan et al.,2022,fish,channel catfish,Ictalurus punctatus,mstn,gene_editing,NA,body_weight,F1,180,71,19.88,6.95,60,12.03,4.55
466,68,Coogan et al.,2022,fish,channel catfish,Ictalurus punctatus,mstn,gene_editing,NA,body_weight,F1,270,70,23.66,8.28,59,13.68,5.5
467,68,Coogan et al.,2022,fish,channel catfish,Ictalurus punctatus,mstn,gene_editing,NA,body_weight,F1,360,65,113.1,38.9,60,35.53,28
468,69,Zhao et al.,2022,cattle,yellow cattle,Bos taurus,mstn,gene_editing,NA,body_weight,P1,0,6,33.2,1.23,6,30.67,2.85
469,69,Zhao et al.,2022,cattle,yellow cattle,Bos taurus,mstn,gene_editing,NA,body_weight,P1,90,6,111.4,6.45,6,99.05,7.46
470,69,Zhao et al.,2022,cattle,yellow cattle,Bos taurus,mstn,gene_editing,NA,body_weight,P1,180,6,184.71,12.16,6,167.2,16.32
471,69,Zhao et al.,2022,cattle,yellow cattle,Bos taurus,mstn,gene_editing,NA,body_weight,P1,270,6,252.82,15.05,6,213.37,20.05
472,69,Zhao et al.,2022,cattle,yellow cattle,Bos taurus,mstn,gene_editing,NA,body_weight,P1,360,6,335.67,16.27,6,280.13,19.75
473,69,Zhao et al.,2022,cattle,yellow cattle,Bos taurus,mstn,gene_editing,NA,body_weight,P1,450,6,412.76,19.56,6,328.56,24.05
474,69,Zhao et al.,2022,cattle,yellow cattle,Bos taurus,mstn,gene_editing,NA,body_weight,P1,540,6,482.51,18.94,6,402.25,24.58
475,69,Zhao et al.,2022,cattle,yellow cattle,Bos taurus,mstn,gene_editing,NA,body_weight,P1,720,6,593.59,21.64,6,485.73,28.17
476,70,Zhou et al.,2022,sheep,Ningxia Tianyuan,Ovis aries,mstn,gene_editing,NA,body_weight,P1,0,8,4.23,0.8,8,3.74,0.56
477,70,Zhou et al.,2022,sheep,Ningxia Tianyuan,Ovis aries,mstn,gene_editing,NA,body_weight,P1,30,8,10.61,1.77,8,8.58,1.79
478,70,Zhou et al.,2022,sheep,Ningxia Tianyuan,Ovis aries,mstn,gene_editing,NA,body_weight,P1,60,8,15.88,2.92,8,12.78,2.41
479,70,Zhou et al.,2022,sheep,Ningxia Tianyuan,Ovis aries,mstn,gene_editing,NA,body_weight,P1,90,8,21.56,2.47,8,17.23,1.73
480,70,Zhou et al.,2022,sheep,Ningxia Tianyuan,Ovis aries,mstn,gene_editing,NA,SGR,P1,90,8,192.5,22.17,8,149.93,18.04
482,71,Zheng et al.,2022,rabbit,Gluteus maximus,Oryctolagus cuniculus,mstn,gene_editing,NA,body_weight,P1,20,5,409.704,86.486,5,474.394,10.811
483,71,Zheng et al.,2022,rabbit,Gluteus maximus,Oryctolagus cuniculus,mstn,gene_editing,NA,body_weight,P1,40,5,1229.111,86.486,5,1164.42,43.243
484,71,Zheng et al.,2022,rabbit,Gluteus maximus,Oryctolagus cuniculus,mstn,gene_editing,NA,body_weight,P1,60,5,1919.137,75.676,5,1897.574,162.162
485,71,Zheng et al.,2022,rabbit,Gluteus maximus,Oryctolagus cuniculus,mstn,gene_editing,NA,body_weight,P1,80,5,2447.439,118.919,5,2415.094,194.595
486,71,Zheng et al.,2022,rabbit,Gluteus maximus,Oryctolagus cuniculus,mstn,gene_editing,NA,body_weight,P1,100,5,2867.925,205.405,5,2652.291,356.757
487,71,Zheng et al.,2022,rabbit,Gluteus maximus,Oryctolagus cuniculus,mstn,gene_editing,NA,body_weight,P1,120,5,3148.248,248.649,5,2814.016,270.27
488,71,Zheng et al.,2022,rabbit,Gluteus maximus,Oryctolagus cuniculus,mstn,gene_editing,NA,body_weight,P1,140,5,3320.755,270.27,5,2921.833,172.973
489,71,Zheng et al.,2022,rabbit,Gluteus maximus,Oryctolagus cuniculus,mstn,gene_editing,NA,body_weight,P1,160,5,3579.515,64.865,5,3072.776,129.73
490,71,Zheng et al.,2022,rabbit,Gluteus maximus,Oryctolagus cuniculus,mstn,gene_editing,NA,body_weight,P1,180,5,3708.895,97.297,5,3212.938,108.108
492,71,Zheng et al.,2022,rabbit,Gluteus maximus,Oryctolagus cuniculus,mstn,gene_editing,NA,body_weight,F1,20,5,413.105,85.47,5,427.35,0
493,71,Zheng et al.,2022,rabbit,Gluteus maximus,Oryctolagus cuniculus,mstn,gene_editing,NA,body_weight,F1,40,5,1125.356,242.165,5,1153.846,85.47
494,71,Zheng et al.,2022,rabbit,Gluteus maximus,Oryctolagus cuniculus,mstn,gene_editing,NA,body_weight,F1,60,5,1794.872,213.675,5,1794.872,56.98
495,71,Zheng et al.,2022,rabbit,Gluteus maximus,Oryctolagus cuniculus,mstn,gene_editing,NA,body_weight,F1,80,5,2222.222,185.185,5,2122.507,156.695
496,71,Zheng et al.,2022,rabbit,Gluteus maximus,Oryctolagus cuniculus,mstn,gene_editing,NA,body_weight,F1,100,5,2706.553,398.86,5,2393.162,213.675
497,71,Zheng et al.,2022,rabbit,Gluteus maximus,Oryctolagus cuniculus,mstn,gene_editing,NA,body_weight,F1,120,5,3162.393,356.125,5,2735.043,156.695
498,71,Zheng et al.,2022,rabbit,Gluteus maximus,Oryctolagus cuniculus,mstn,gene_editing,NA,body_weight,F1,140,5,3575.499,213.675,5,3119.658,142.45
499,71,Zheng et al.,2022,rabbit,Gluteus maximus,Oryctolagus cuniculus,mstn,gene_editing,NA,body_weight,F1,160,5,3917.379,156.695,5,3333.333,170.94
500,71,Zheng et al.,2022,rabbit,Gluteus maximus,Oryctolagus cuniculus,mstn,gene_editing,NA,body_weight,F1,180,5,4145.299,99.715,5,3561.254,185.185
501,72,Hai et al.,2023,cattle,Luxi Cattle,Bos taurus,mstn,gene_editing,NA,body_weight,F1,360,30,285.8,184.1,45,252.9,150.7
502,73,Khalil et al.,2023,fish,channel catfish,Ictalurus punctatus,mc4r,gene_editing,NA,body_weight,F1,300,16,73.7,4.48,16,49.3,1.792
503,73,Khalil et al.,2023,fish,channel catfish,Ictalurus punctatus,mc4r,gene_editing,NA,body_weight,F1,360,16,162,13.441,16,126.8,6.272
504,73,Khalil et al.,2023,fish,channel catfish,Ictalurus punctatus,mc4r,gene_editing,NA,body_weight,F1,390,16,233.5,16.129,16,203.2,8.065
505,73,Khalil et al.,2023,fish,channel catfish,Ictalurus punctatus,mc4r,gene_editing,NA,body_weight,F1,480,16,375.3,29.57,16,291.6,13.441
506,73,Khalil et al.,2023,fish,channel catfish,Ictalurus punctatus,mc4r,gene_editing,NA,body_weight,F1,540,16,421.9,36.738,16,304.9,16.129
507,73,Khalil et al.,2023,fish,channel catfish,Ictalurus punctatus,mc4r,gene_editing,NA,FCE,F1,270,16,84.75,9.76,16,63.69,10.9
508,74,Wu et al.,2023,fish,Nile tilapia,Oreochromis niloticus,mstn,gene_editing,NA,weight_gain,P1,150,21,796.24,116.65,19,400.13,212.16
509,74,Wu et al.,2023,fish,Nile tilapia,Oreochromis niloticus,mstn,gene_editing,NA,condition_factor,P1,150,21,4.06,0.34,19,3.46,0.2
510,74,Wu et al.,2023,fish,Nile tilapia,Oreochromis niloticus,mstn,gene_editing,NA,SGR,P1,150,21,2.49,0.15,19,2.02,0.57
511,74,Wu et al.,2023,fish,Nile tilapia,Oreochromis niloticus,mstn,gene_editing,NA,myofiber_size,P1,210,3,19.529,3.059,3,9.882,0.706
512,74,Wu et al.,2023,fish,Nile tilapia,Oreochromis niloticus,mstn,gene_editing,NA,myofiber_size,P1,210,3,23.412,4.471,3,11.412,0
513,74,Wu et al.,2023,fish,Nile tilapia,Oreochromis niloticus,mstn,gene_editing,NA,myofiber_size,P1,210,3,3.529,0.824,3,2,0.588
514,75,Zheng et al.,2023,fish,Culter alburnus,Culter alburnus,mstn,gene_editing,NA,body_weight,F1,60,20,8.85,1.54,20,6.6,1.24
515,75,Zheng et al.,2023,fish,Culter alburnus,Culter alburnus,mstn,gene_editing,NA,myofiber_size,F1,60,3,1.98,0.65,3,1.63,0.48
516,76,Cuellar et al.,2024,cattle,Angus,Bos indicus,PRLR,gene_editing,NA,body_weight,P1,0,4,44.164,0,5,33.123,3.527
517,76,Cuellar et al.,2024,cattle,Angus,Bos indicus,PRLR,gene_editing,NA,body_weight,P1,0,3,41.009,4.732,3,34.7,0
518,76,Cuellar et al.,2024,cattle,Angus,Bos indicus,PRLR,gene_editing,NA,body_weight,P1,221,4,301.262,26.814,5,208.202,20.505
519,76,Cuellar et al.,2024,cattle,Angus,Bos indicus,PRLR,gene_editing,NA,body_weight,P1,221,3,317.898,31.546,3,236.593,18.927
520,76,Cuellar et al.,2024,cattle,Angus,Bos indicus,PRLR,gene_editing,NA,body_weight,P1,374,4,444.795,41.009,5,345.426,18.927
521,76,Cuellar et al.,2024,cattle,Angus,Bos indicus,PRLR,gene_editing,NA,body_weight,P1,374,3,397.476,22.082,3,339.117,12.618
522,77,Kim et al.,2024,fish,olive flounder,Paralichthys olivaceus,mstn,gene_editing,NA,body_weight,F1,180,3,2876.6,206.9,3,2039,285.5
523,77,Kim et al.,2024,fish,olive flounder,Paralichthys olivaceus,mstn,gene_editing,NA,body_weight,F1,180,3,2316,382.1,3,1726.5,158
524,77,Kim et al.,2024,fish,olive flounder,Paralichthys olivaceus,mstn,gene_editing,NA,condition_factor,F1,180,3,1.37,0.06,3,1.04,0.04
525,77,Kim et al.,2024,fish,olive flounder,Paralichthys olivaceus,mstn,gene_editing,NA,condition_factor,F1,180,3,1.49,0.09,3,1.06,0.05
526,78,Huang et al.,2024,fish,Red crucian carp,Carassius auratus,mc4r,gene_editing,NA,body_weight,P1,180,8,15.22,6.93,8,10.91,2.6
527,79,Wang et al.,2024,fish,channel catfish,Ictalurus punctatus,mstn,gene_editing,NA,body_weight,P1,90,8,30.6,8.3,19,16.1,5.4
528,79,Wang et al.,2024,fish,channel catfish,Ictalurus punctatus,mstn,gene_editing,NA,body_weight,P1,720,8,752.3,104.6,14,518.8,184.7
529,79,Wang et al.,2024,fish,channel catfish,Ictalurus punctatus,mc4r,gene_editing,NA,body_weight,P1,90,15,28.4,9,19,16.1,5.4
530,79,Wang et al.,2024,fish,channel catfish,Ictalurus punctatus,mc4r,gene_editing,NA,body_weight,P1,720,12,680.9,139.3,14,518.8,184.7
